Commencement Children's Therapy;www.commencementchildrenstherapy.com;2915 McCarver St,Tacoma,WA,98403-3399,United States;(253) 284-0386;Commencement Children's Therapy is located in Tacoma, WA, United States and is part of the Rehabilitation Therapy Services Industry. Commencement Children's Therapy has 5 total employees across all of its locations and generates $97,638 in sales (USD).;SHARI ADDLEMAN;Rehabilitation Therapy Services
Carroll's Printing Inc;www.carrollsprinting.net;1976 S Market Blvd,Chehalis,WA,98532-4124,United States;(360) 345-1399;Carroll's Printing Inc is located in Chehalis, WA, United States and is part of the Commercial Printing Industry. Carroll's Printing Inc has 2 total employees across all of its locations and generates $100,000 in sales (USD).;LINDA HANSON;Commercial Printing
P & S Farms, Inc.; ;1032 Liberty Dr,Clarkston,WA,99403-2486,United States;(509) 751-0999;P & S Farms, Inc. is located in Clarkston, WA, United States and is part of the Grain Farming Industry. P & S Farms, Inc. has 3 total employees across all of its locations and generates $310,000 in sales (USD).;Richard S Jutte;Grain Farming
United Press & Graphics, Inc.;www.unitedpress.org;505 S Industrial Dr,Hartland,WI,53029-2323,United States;(262) 367-3730;United Press & Graphics, Inc. is located in Hartland, WI, United States and is part of the Commercial Printing Industry. United Press & Graphics, Inc. has 16 total employees across all of its locations and generates $2.85 million in sales (USD).;Daryl Zigan;Commercial Printing
Schmit Bros. Dodge, Inc.;www.schmitbros.com;905 E Green Bay Ave,Saukville,WI,53080-2620,United States;(262) 284-3100;Schmit Bros. Dodge, Inc. is located in Saukville, WI, United States and is part of the Automobile Dealers Industry. Schmit Bros. Dodge, Inc. has 22 total employees across all of its locations and generates $5.75 million in sales (USD).;Michael Schmit;Automobile Dealers
Schmit Bros. Dodge, Inc.;www.schmitbros.com;905 E Green Bay Ave,Saukville,WI,53080-2620,United States;(262) 284-3100;Schmit Bros. Dodge, Inc. is located in Saukville, WI, United States and is part of the Automobile Dealers Industry. Schmit Bros. Dodge, Inc. has 22 total employees across all of its locations and generates $5.75 million in sales (USD).;Michael Schmit;Automobile Dealers
Racine Riverside Marine Inc;www.racineriverside.com;950 Erie St,Racine,WI,53402-5116,United States;(262) 636-8020;Racine Riverside Marine Inc is located in Racine, WI, United States and is part of the Boat Dealers Industry. Racine Riverside Marine Inc has 12 total employees across all of its locations and generates $2.65 million in sales (USD).;Brad Strand;Boat Dealers
Resop DDS and Schrubbe DDS LLC;www.brookfielddentalcare.com;17535 W North Ave,Brookfield,WI,53045-4343,United States;(262) 786-4119;Resop DDS and Schrubbe DDS LLC is located in Brookfield, WI, United States and is part of the Dentists Industry. Resop DDS and Schrubbe DDS LLC has 4 total employees across all of its locations and generates $67,665 in sales (USD).;THEODORE G SCHRUBBE;Dentists
Avenue Eats LLC;www.avenueeats.com;1201 Valley View Ave,Wheeling,WV,26003-1475,United States;(304) 905-8300;Avenue Eats LLC is located in Wheeling, WV, United States and is part of the Casual  Restaurants Industry. Avenue Eats LLC has 11 total employees across all of its locations and generates $320,895 in sales (USD).;Lara Grace;Casual  Restaurants
It Mindshare LLC;www.itmindshare.com;200 Hart Field Rd,Morgantown,WV,26505-3762,United States;(304) 658-7600;It Mindshare LLC is located in Morgantown, WV, United States and is part of the Consulting Services Industry. It Mindshare LLC has 7 total employees across all of its locations and generates $841,373 in sales (USD).;Jeremy Harris;Consulting Services
Gateway Industries, Inc.;www.gatewayind.com;787 Edgar Ave,Ronceverte,WV,24970-1488,United States;(304) 645-3165;Gateway Industries, Inc. is located in Ronceverte, WV, United States and is part of the Social Assistance Industry. Gateway Industries, Inc. has 48 total employees across all of its locations and generates $453,789 in sales (USD).;Herbert Montgomery;Social Assistance
Watters Painting Inc; ;100 E Chestnut St,Eleanor,WV,25070-1439,United States;(304) 586-2264;Watters Painting Inc is located in Eleanor, WV, United States and is part of the Painting & Wall Covering Contractors Industry. Watters Painting Inc has 9 total employees across all of its locations and generates $650,000 in sales (USD).;Matthew Watters;Painting & Wall Covering Contractors
Watters Painting Inc; ;100 E Chestnut St,Eleanor,WV,25070-1439,United States;(304) 586-2264;Watters Painting Inc is located in Eleanor, WV, United States and is part of the Painting & Wall Covering Contractors Industry. Watters Painting Inc has 9 total employees across all of its locations and generates $650,000 in sales (USD).;Matthew Watters;Painting & Wall Covering Contractors
All Quality, LLC;www.allqualitygov.com;1366 Limestone Rd,Charleston,WV,25312-6569,United States;(304) 776-9473;All Quality, LLC is located in Charleston, WV, United States and is part of the Specialty Contractors Industry. All Quality, LLC has 5 total employees across all of its locations and generates $537,427 in sales (USD).;William Jason Davis;Specialty Contractors
Reed Brothers Ltd LP;www.reedbrothersltd.com;1314 Virginia St E,Charleston,WV,25301-3012,United States;(304) 345-3817;Reed Brothers Ltd LP is located in Charleston, WV, United States and is part of the Oil & Gas Exploration & Production Industry. Reed Brothers Ltd LP has 15 total employees across all of its locations and generates $899,146 in sales (USD). There are 2 companies in the Reed Brothers Ltd LP corporate family.;Charles Reed;Oil & Gas Exploration & Production
Ridgeline Operations, LLC; ;1675 High School Rd,Jackson,WY,83001-8868,United States;(307) 733-8007;Ridgeline Operations, LLC is located in Jackson, WY, United States and is part of the Business Services Sector Industry. Ridgeline Operations, LLC has 9 total employees across all of its locations and generates $166,317 in sales (USD).;Jared Duckstein;Business Services Sector
Synagile Corporation;www.synagile.com;4675 Willowbrook Ln,Wilson,WY,83014-9707,United States;(510) 788-4435;Synagile Corporation is located in Wilson, WY, United States and is part of the Pharmaceutical Manufacturing Industry. Synagile Corporation has 4 total employees across all of its locations and generates $687,791 in sales (USD). There are 3 companies in the Synagile Corporation corporate family.;Ephraim Heller;Pharmaceutical Manufacturing
Teton Simulation Software;www.tetonsim.com;2710 E Sheridan St,Laramie,WY,82070-4969,United States;(307) 343-3493;Teton Simulation Software is located in Laramie, WY, United States and is part of the Information Technology Services Industry. Teton Simulation Software has 3 total employees across all of its locations and generates $88,485 in sales (USD).;Mike Kmetz;Information Technology Services
Goshen Irrigation District Inc;www.4-states-irrigation.org;2912 W E St,Torrington,WY,82240,United States;(307) 532-7031;Goshen Irrigation District Inc is located in Torrington, WY, United States and is part of the Water & Sewer Utilities Industry. Goshen Irrigation District Inc has 25 total employees across all of its locations and generates $2.08 million in sales (USD).;Robert Coxbill;Water & Sewer Utilities
Explorer Ventures Ltd;www.explorerventures.com;6826 Laura Dr,Casper,WY,82604-9143,United States;(307) 235-0682;Explorer Ventures Ltd is located in Casper, WY, United States and is part of the Sporting Goods Stores Industry. Explorer Ventures Ltd has 2 total employees across all of its locations and generates $236,846 in sales (USD).;Clay McCardell;Sporting Goods Stores
Explorer Ventures Ltd;www.explorerventures.com;6826 Laura Dr,Casper,WY,82604-9143,United States;(307) 235-0682;Explorer Ventures Ltd is located in Casper, WY, United States and is part of the Sporting Goods Stores Industry. Explorer Ventures Ltd has 2 total employees across all of its locations and generates $236,846 in sales (USD).;Clay McCardell;Sporting Goods Stores
